4.760895275294742;-2.962472446008853;0
-2.102653943012997;-3.020851129707122;0
-0.637647524939696;1.913400873768538;0
5.958125476643889;-1.048998869937183;0
-2.460631885007777;1.006309995899029;0
-2.179645493709757;1.697125153803580;0
2.662871186825229;-4.277745407028997;0
-1.613357536222566;-3.635236019639895;0
5.965513843166593;-1.229159977452257;0
-2.509146673699471;1.350254275267178;0
2.511475645626078;-4.422668504311684;0
0.553233105826320;-4.446833408216790;0
2.776803654858834;-4.185330538441744;0
5.507605423677487;-2.109117681390255;0
-2.458558935755172;0.920195487456387;0
-2.610543503383613;0.890040636712463;0
-0.774742093230073;-4.140272394729763;0
5.582827723607370;-2.424327844692564;0
5.801141942229498;-1.825266978251787;0
-0.278545599828726;1.821958401797811;0
-0.419822691309478;-4.370637609003747;0
1.975920783128000;-4.524070019081671;0
0.243966257563753;-4.656225783890400;0
0.164315254532129;-4.555217733286370;0
5.133924748540733;-2.930262797450315;0
0.203682997640566;-4.690070543398492;0
5.703591321922328;-1.838135911419941;0
-2.887062302591321;-1.757019796170965;0
1.103268159230736;-4.567065839883804;0
-0.640618227804750;2.072674067398154;0
0.481317732371677;-4.436722849753035;0
6.457674736871517;0.224100157139632;0
5.367695908121406;-2.476561044573714;0
6.497048508929511;-0.393948355403239;0
6.136521395778116;-1.349959335256236;0
0.467644639644342;1.760619014072813;0
-2.301103220663469;-3.038641185928567;0
-0.807141158822494;2.212759198147117;0
-3.178022557973950;-0.632575673924724;0
-2.654369060342405;0.916852968147640;0
-3.262053252567672;-0.781563265546179;0
5.916417166774456;-1.304011725422398;0
5.183413921377992;-2.521727794595754;0
0.575882656117352;-4.434903095472127;0
-0.965515696200940;-4.234436915846437;0
-3.030331126785736;0.350930282013145;0
0.682667151559966;0.519355858781947;0
0.506192102155360;-4.735152200711646;0
-0.371288117679008;-4.409918517570483;0
4.496575263884892;-3.262520031329940;0
4.267627104842714;-3.490817682514287;0
-3.058347715733221;-0.058393162442132;0
4.918843924811162;-3.065952400392189;0
2.539688615984137;-4.407745170438959;0
-2.981442635051038;-0.985153377298655;0
-2.403381166094039;-2.783525050294100;0
1.914809520517776;-4.632395197989498;0
-2.910914912079992;-2.041709015725437;0
0.793719846121144;1.455092108106393;0
5.401930435213037;-2.330561361700445;0
-0.298071778610209;1.899410013511251;0
0.793467573868620;0.964100693761852;0
5.824060789469097;-1.850248486401094;0
6.317464680302731;-1.037122828554229;0
-1.218686202589675;1.974560700904112;0
-1.029684213184557;2.029023311026500;0
3.076406795526401;-4.231488813457672;0
-2.988325354263846;-0.055601515916747;0
-1.675097772351240;1.603334285141043;0
2.576548023920045;-4.389233442203816;0
3.657121462188583;-4.126239651381582;0
-3.230078161421603;-0.511237857380276;0
0.610409073716425;1.542305254028261;0
2.430852199526486;-4.449777360234117;0
-0.049341583408745;1.935860605020015;0
-3.062526913763365;0.010569123828475;0
4.124850198976481;-3.685701422408516;0
5.420428556370075;-2.272515688423840;0
-2.151303901004704;1.354234756944947;0
0.599136872526075;1.037065605858470;0
1.167649230800877;-4.432261566645757;0
-1.434724949617559;1.938556788066550;0
-0.661873806998600;1.823463786987341;0
-0.552583830282549;-4.039712688020606;0
-1.264806969015922;-4.060223051650724;0
4.544364532752875;-3.266676148761399;0
1.586695695882613;-4.713746000966475;0
-1.057601049257732;2.100820826174563;0
-2.960671828878175;0.263176065410183;0
-1.984612943492901;-3.166020479564795;0
-3.092937493460031;-1.666001123925674;0
-2.977887293558157;-1.946153702007823;0
4.800909112063786;-2.919142767747056;0
0.667249253341836;1.172877399053822;0
5.183344125861240;-2.481713005209088;0
-2.883786566712859;-1.207997419715078;0
-2.780998313413905;0.912655280560793;0
3.711911106059363;-4.013635279106225;0
0.677220985732274;-4.735510499529087;0
6.323489794545089;-0.164256270005081;0
-1.615430564228353;2.010905528888810;0
6.105818324070122;-0.760893584023845;0
-2.782491670082177;-2.035091298606679;0
6.402159025413048;-0.512942779563743;0
-3.019702782039865;-2.130788985542828;0
3.291633445520660;-4.224153928024643;0
-0.634341470751344;-4.049835205243768;0
-2.187602099348663;1.594321063821758;0
-2.689356928035696;-2.283582461974628;0
-2.275356367318669;1.348360288771682;0
0.626368998633130;0.180087048085991;0
1.182516163353876;-4.443881911097504;0
5.076151087268824;-2.792860361354736;0
-2.675371613992540;0.603581915518180;0
0.488956056431730;1.418249271196879;0
-2.939542279396389;-0.714838941917716;0
-3.051524353061113;-0.311524651644077;0
-2.332156533443817;1.299849838633302;0
-3.063733294606676;-1.090904537959520;0
-2.079588389467961;1.250370740599640;0
-2.677800846760486;0.692330963863264;0
4.664574829333204;-3.111201759715479;0
-2.150756993398327;-2.908026880558258;0
-2.436395868120388;-2.846453858449507;0
-0.793593753380774;2.107342366459005;0
-2.409165833324725;-2.793358342611171;0
0.994303766725577;-4.594142285400176;0
0.739847433138657;-4.678921275433746;0
-2.966986438412308;0.064167444382926;0
5.095469974780090;-2.723892665136173;0
3.072519060326789;-4.476046187730399;0
-3.048964171595541;-0.903478754051848;0
-1.394633435506832;2.074093376655717;0
0.223206234275761;1.587253716454146;0
5.144976452024252;-2.451161613838527;0
0.652676437039157;-4.555578995716032;0
0.694226010986818;-4.685766447149387;0
0.290527970760303;1.830943230842118;0
0.241567153711897;-4.724601677489555;0
5.488028887696246;-1.987675783796814;0
-2.266874487489704;-3.255276099815913;0
-1.357178537832552;-3.720312223125104;0
-2.830724742867607;0.092564650460306;0
-2.891743885958566;-2.384025932531663;0
-2.896209634846866;-0.062223287200546;0
-1.343438887073251;1.738343318956886;0
-3.073906269736404;-0.381127793784317;0
-2.744874107180024;-1.817013172295397;0
-3.282285941464397;-0.646559477464491;0
-1.462176100032504;-3.694716974842839;0
-0.111737792469455;-4.329050391093202;0
-2.592375376883259;-2.242887012519654;0
2.260599803818027;-4.335918948162953;0
-2.397827722492897;1.386774457719682;0
-2.292270598295889;1.418890098810575;0
-1.342178084134218;1.799891424320478;0
-2.958109841480659;-1.144794675437847;0
5.691796736052669;-1.833279554929847;0
2.039470850449852;-4.535399800717124;0
-2.191664589261729;1.457109159754522;0
-1.201467932260598;-4.243698976944204;0
-2.259465332245965;-3.080887319488359;0
-2.957468919587557;-1.769032397129120;0
3.590267974174827;-3.965048136177366;0
2.307076435569909;-4.427971479509734;0
5.991598357799536;-1.072685818568934;0
-0.329026399764434;-4.309209654977791;0
2.450631586930384;-4.588222578009824;0
-2.931812997156798;-1.734608937655823;0
0.308185658385374;1.565630158539820;0
-1.563872388299008;1.949631667729369;0
-1.166160105040291;-4.009616240958672;0
-2.324497629860720;-2.685289328596049;0
2.776758379913854;-4.429101827802653;0
-2.632643429780330;-2.224677923284700;0
3.854613486028600;-3.936534236802001;0
6.351538395421940;-0.274204376728815;0
6.340544204108171;0.064314753755638;0
-1.535016220935499;1.824438762543288;0
-2.228625182642707;1.098829732723965;0
2.526501983154194;-4.283632272082082;0
2.772198733537158;-4.230121322404997;0
-2.755378360264931;0.483769014519936;0
5.085221650621049;-2.686092527951806;0
-0.900426415169935;1.894537274184077;0
0.384282245557350;-4.449159945599420;0
1.301775360946936;-4.442118362858424;0
5.977039796677929;-1.612249751225154;0
4.801224558409178;-2.963258223957021;0
2.481816616398944;-4.354466814320618;0
-0.058480665732497;1.784787837586097;0
-1.780110568919850;-3.410633294956085;0
-2.078231097143195;-2.994865579616116;0
0.705160885140094;-4.578577621775697;0
-1.513798206420052;-3.837734816246887;0
-3.072448206649635;-1.687228115951877;0
-1.156128180911540;1.856753083299943;0
6.219648746554490;-0.897808628764000;0
6.374473966763753;-0.145348810870430;0
1.882586929257152;-4.703943779127517;0
0.634518709754932;1.296057266122694;0
3.698323974423457;-3.705661359128600;0
4.512510613673780;-3.591333065445992;0
1.297472920774209;-4.541832986896559;0
6.245573402258423;-0.727266094313601;0
6.599738471959751;-0.158901826989907;0
-1.952595405679476;-3.674605173034750;0
4.669674181067580;-3.418996769019254;0
4.988706017269483;-2.690814687968525;0
4.965482868262804;-2.904891622741411;0
-1.766366156815541;-3.441114357771672;0
0.534443199986418;-4.590287546093209;0
4.230588815970919;-3.489188981034361;0
4.744407495028645;-3.110138118261411;0
3.490784545380497;-3.995247696488519;0
5.602761280010916;-2.404774914907382;0
-0.077444411872191;1.870749778654341;0
-0.299839271474379;-4.217811635913090;0
-0.405867685168927;2.151145745529444;0
-3.117076639507072;-0.923360942415898;0
-1.207151198346330;1.944268243265275;0
-2.994609160475858;-1.373780421042488;0
-0.202025662813687;-4.305653617027563;0
1.075502004292517;-4.753407601887471;0
-1.054942102288442;1.912328625044742;0
-0.413616321058371;-4.364660292617565;0
1.133258670534261;-4.439655551379322;0
2.158142493761011;-4.602278544783207;0
-0.598334302307768;1.811409072284341;0
-2.114378515365252;1.625847199391830;0
0.655942152924083;-4.737860891853304;0
-3.032701110911479;0.058977937875594;0
-1.980619380091315;1.381378229009445;0
-2.412195155843736;-2.440502154667901;0
6.397400443697316;0.220870745258777;0
0.945331757409848;0.868448425263413;0
-2.949268436109676;-1.810507184459469;0
0.812587500435491;0.653018177715622;0
-0.645625049235929;1.865503315542016;0
6.579625766708919;-0.295879683359202;0
1.021518822646385;-4.587329203102168;0
-0.874594262567585;2.137219765661172;0
-1.119976500323600;1.863038656770299;0
4.197014561950124;-3.757081196935241;0
2.974466069534953;-4.152394683335467;0
4.359351525071451;-3.572823244526993;0
4.119522395446555;-3.686888384592160;0
-2.075029149067102;1.471237659479557;0
0.585684377120080;1.431896581434997;0
0.945485589395968;-4.485039173950305;0
-1.496263635073477;-3.695554807180252;0
0.132013853721260;-4.447131891671983;0
0.065463259128357;1.859886263408639;0
-2.429591992715686;1.318631514206331;0
-1.468389961287969;1.859913365317080;0
-2.456953112977598;-2.783545780242090;0
-2.560262237168296;0.814709317933453;0
5.157684995038220;-2.655622225343356;0
0.785857635259199;1.054554730827582;0
1.596465489429694;-4.755003066317204;0
-3.084581848965734;-1.503472356673521;0
-0.728361999492067;2.214533403488485;0
-2.303333876546258;-3.187424112481747;0
-2.921099574925206;-0.987645360589182;0
4.379530107680581;-3.537005637160897;0
5.924865374067069;-2.073685830789977;0
5.290942579052061;-2.617483531032400;0
-2.896304816574630;-2.351615229516869;0
-2.522710717956596;-2.383718511675063;0
3.097203500821524;-4.132901649596751;0
-2.155335832727683;-3.466128229201713;0
-1.861109831565492;-3.349391150741590;0
0.500264397705289;1.181364531451083;0
2.319675189140248;-4.601492536397473;0
6.029871410266454;-1.716075069546339;0
2.999702402442347;-4.185140081243160;0
-1.312744649846884;-3.825380409218539;0
5.273997296210815;-2.508027270783603;0
-2.719986787458792;-1.856024599996717;0
-1.140110442215826;-3.904896565733374;0
-0.735702619202500;1.967718101246573;0
1.205831551181134;-4.580904586395588;0
-1.419399512514894;1.852759154562732;0
1.094827592548340;-4.452206186186904;0
-2.959673500599987;-1.410377218021975;0
6.541842016336991;0.042600326353600;0
-2.952552437157683;-0.386247010669430;0
5.120831080300960;-2.820206634315479;0
1.239193177574606;-4.693107199240184;0
4.632062736555750;-3.060105585491828;0
5.743501137298560;-1.570123572799175;0
-1.386155533954666;-4.021206090099047;0
-1.404789752750176;1.951961779760525;0
3.338336705443710;-4.214308336468306;0
4.100305078752912;-3.710680564160573;0
-3.055782369055833;0.471449643091573;0
0.442492716481224;-4.558183798755498;0
-2.901833007672240;-0.509318403728306;0
2.691892622070520;-4.524513233444521;0
-3.127048913664455;-0.548173550127304;0
2.691210137692126;-4.254225411049719;0
-2.875568472768866;-1.900388488149048;0
0.794757598264942;-4.710018385355486;0
-2.888382707564604;-0.441118970374557;0
-2.818939395323769;-2.325892392240697;0
0.548687103096202;1.349881512505858;0
-1.902742903431660;1.724028573456077;0
-2.198849745158196;1.666520783444488;0
-2.689761396249315;-2.299415494996391;0
-0.918005281460695;-4.117818509085676;0
0.245124185060088;-4.511610055728795;0
-3.095508876450030;-0.071181603339184;0
-2.181745766934088;1.560310574770950;0
0.210317696531468;-4.676885046168702;0
0.765178729828996;-4.460704866613024;0
4.215966760900064;-3.518138037366294;0
0.623009274268789;-4.414385106648944;0
-2.954040508988652;-1.271703529021136;0
-2.482500162294728;-2.981484735005409;0
-2.952123990951708;-0.381741687264013;0
-0.495547413141625;-4.473571080011638;0
0.847950424383928;-4.764829740934362;0
3.201675541487541;-4.132259562867659;0
2.376458910571002;-4.605620947244923;0
6.577347059922851;0.140843856443287;0
4.228298448953256;-3.340291559995194;0
-3.021583086206371;-0.086781290696425;0
-1.416075370715933;1.794235344608946;0
6.372515740287477;0.102461332400747;0
-2.057293739945859;1.444052525477371;0
5.227133548156875;-2.877273584559297;0
5.813752834945674;-1.998926266468273;0
-1.269433590307951;1.733323524223802;0
-2.790360817051741;0.892276978408277;0
6.174391639227895;-1.074697620125677;0
2.537651180754379;-4.458751659553085;0
-2.531633953270466;0.876050106842571;0
-0.913649484708478;2.013870744110207;0
3.359835524214828;-4.105088205887353;0
3.149177348166918;-3.984177851509503;0
-1.045683746653871;-4.082785513513290;0
6.109777804692556;-0.961926703113338;0
-2.065219605557370;-3.269395311391817;0
-1.292538629144356;-4.077692337338354;0
5.086896570729396;-2.708842037781253;0
-2.185075379352963;-3.215041447128391;0
5.768230008011323;-1.856875522970213;0
-0.006956368001162;1.948580087599850;0
4.608056121833084;-3.334792240046835;0
5.517451712368759;-2.150864672715738;0
2.508221624787881;-4.515860984848327;0
-2.502150169178553;0.828859391730531;0
-1.571637702241314;-3.931286641102151;0
1.222771156637456;-4.418408432543854;0
0.283254039916991;1.442570402651866;0
-0.542951275925486;-4.251353448776621;0
-0.214126980252494;-4.213958505830353;0
5.427030229125100;-2.698676973927898;0
-2.935604054341185;-1.700164060185877;0
-1.976977479150515;1.507814537088010;0
3.429403263801159;-4.160319971044206;0
1.411099607669871;-4.440604033312015;0
-2.796068885410993;-1.517531658534062;0
6.166903018776136;-1.407639615750829;0
-2.929132896719998;-2.197963331047486;0
-1.620616849774800;1.643876672879724;0
2.901103308912194;-4.449199834242971;0
-2.976018250798448;-1.910393967146561;0
-2.196525763974452;-2.949580809926843;0
-2.087984189016530;-3.222535197329703;0
2.736604146870157;-4.505489950051897;0
0.464354814022976;-4.740404043029544;0
-0.803612593057425;-3.973372717217828;0
6.439043779326670;0.136141311717452;0
0.080697838967728;1.888481012697391;0
6.478065219920291;-0.639481431100435;0
-0.982201063342383;-3.903894997266968;0
-3.179458775654436;-0.682100552298673;0
5.403692724036875;-2.288194788288525;0
3.453423453046084;-4.283695630522961;0
6.046843037594688;-0.911995593693096;0
-1.913202333199324;-3.648954223934882;0
0.641843165772378;-4.491341506591494;0
5.295744720440924;-2.482720656913823;0
2.382842921154384;-4.402096478217069;0
-2.946096181248927;0.302861150200352;0
6.153741191283569;-0.525888895013233;0
1.694377090097451;-4.487847846923614;0
-3.027662990848363;0.415992580967772;0
-1.526194127348214;-3.833186147527051;0
-1.820294433091463;1.737147528099342;0
4.899695241101123;-3.204927192793169;0
-2.967104725648614;-0.996214025813401;0
4.481707665842341;-3.341050191562226;0
3.098975684058022;-4.236192083336556;0
-1.555906000446833;-3.526473469303127;0
5.032399896288497;-2.979858796213438;0
0.696576154205539;0.402174963403257;0
6.544277639165803;-0.067671403831012;0
-1.691106323352036;1.645924772527793;0
-2.233205114876714;1.342558698439594;0
-2.246607046267330;-2.886257480507088;0
-2.972889771000212;0.176162536556191;0
6.369648510671366;-0.578316238279393;0
-3.025127277088764;0.332723484057485;0
0.549733224409150;0.855811169892603;0
-3.040193368331092;-1.815466819184295;0
6.281347249965735;-0.912028047322398;0
3.132681945600065;-4.099926738759905;0
-1.625928991416609;1.683255412703375;0
-2.908852757036284;-1.631956889211066;0
1.422723358814985;-4.638098947874536;0
6.399489974473997;-0.717497084710235;0
-0.868800315870742;-3.987754719863598;0
-1.190150431271162;-3.811613255271888;0
6.325503206970970;-0.966634257673737;0
4.079721849153915;-3.508714743433994;0
-2.979562886819101;0.215806535157600;0
-1.205593046858257;-3.862325651363770;0
6.514922711120144;-0.147182653225045;0
-3.149174629451410;-0.435746097640722;0
1.674283097557945;-4.754567881906301;0
-2.666676194367535;0.540024746654552;0
6.253177022372338;-1.260396616526192;0
2.596962586402118;-4.475039668678371;0
-2.804992025342554;0.273963137618642;0
-1.545415686466830;1.687497240087058;0
-0.337094332683507;1.834726060636212;0
3.690196814880795;-4.029151861954695;0
1.873877131871602;-4.531667156704271;0
-1.241166430549266;1.977816791748228;0
-3.073558628293174;-1.056531299270772;0
5.163683866488919;-2.782553429539087;0
1.827371531973109;-4.646784277154856;0
-2.990166530345399;-1.871904355889749;0
5.945662330581236;-1.609876219843479;0
6.318847080548725;-0.163512367449949;0
-2.989405791065741;0.185868694451420;0
-0.063865079019581;1.856977655119280;0
-1.561083991250376;1.781849266708042;0
-2.368221767045907;1.459210593646665;0
0.370658010675684;-4.467748748467867;0
6.270319676201166;-0.052404207002429;0
-2.905916632755016;0.157497565194697;0
2.213661459677676;-4.520163131852872;0
6.349545616008442;-0.012906015927031;0
-2.860733151468570;-1.367657074772082;0
-2.860946933997802;-0.023547560694551;0
5.418359748984861;-2.443988736567097;0
3.966852914409019;-3.688816115499602;0
-3.086526135460814;-0.231051357704119;0
-2.162618898788288;1.344896295663965;0
0.040028750442873;1.726741194889171;0
4.241976741418728;-3.598410233135579;0
5.316655459891118;-2.183909082044763;0
5.361776864350719;-2.486399188882091;0
0.181935027610443;-4.515240998132999;0
-2.095923929799100;1.748787039458263;0
1.603521736605071;-4.550424880016268;0
-1.556059660459765;1.685284303860278;0
-2.958905688860491;0.387561217095477;0
-0.243858110257776;-4.483289758122517;0
-1.501716578130997;-3.768769970783019;0
6.494128601865008;-0.514421741422580;0
-2.858681369617367;0.880613079563573;0
0.932949897307185;1.051385748533430;0
3.634080899244605;-3.931751697403129;0
1.244162037951703;-4.807367630259462;0
4.604375923401541;-3.246490543346525;0
2.202166246590029;-4.392525813613368;0
-3.021423869779483;-1.921399371493388;0
1.141891800661130;-4.608877915225759;0
4.796638647941889;-3.287403655551480;0
-1.987883484233917;1.503766136995762;0
3.477673099470150;-4.130151671458833;0
-1.453638417001017;1.839691399490279;0
6.397146642662903;-0.024019764671632;0
-0.265371797460566;1.937535255474688;0
3.690919185080072;-4.127495800404797;0
-1.072210007226795;-3.907740500473555;0
5.687295527965198;-2.256503393143372;0
6.378662297043345;-0.260334804510565;0
5.417429582572308;-2.287895944211381;0
3.585606883639231;-3.897938676754306;0
-2.676557244785517;-2.039868767120648;0
1.537032208634437;-4.416418839550240;0
4.068058035087027;-3.931965639519817;0
4.366360493131260;-3.272791250163993;0
6.196133912112385;-0.956840703301086;0
-3.001385041047463;-1.019649737648259;0
-3.193415565217348;-0.818587036498125;0
5.852625698880842;-2.050343691734235;0
-1.875269082137126;-3.587822500491801;0
0.776325209954381;-4.440175580192103;0
-2.847841187362326;0.458945067196016;0
-0.537559601326746;1.820534852762871;0
-1.865665637686476;-3.393927203751040;0
1.422546172023187;-4.420933086005205;0
0.393777664852763;0.219883021400524;0
-2.905569928643406;-0.917934448786345;0
-4.426497340565747;3.441450199502052;1
2.949017131910131;-0.091195242288208;1
-0.302587964893385;-1.463402379507098;1
1.437999405420292;3.725208678213098;1
2.889802244470310;-0.241729294169558;1
-0.689494196681806;4.403871483808696;1
2.154440521710252;3.259286806751387;1
1.877378652331700;3.506996402348420;1
-0.680972696927363;-1.133828146505344;1
-4.605496867479616;3.531471950027367;1
-6.304677534350387;0.004837852146906;1
3.025615037611799;0.475200602681281;1
-6.106013707098128;1.266284777364811;1
-1.170421309207420;4.536959722823718;1
-0.077632566189539;4.357269854806876;1
-6.349225028166669;-0.052691692218410;1
0.025504249955600;4.403903882132483;1
3.138657319572370;0.313445458991728;1
-5.360065538672916;2.470383723163224;1
3.236621374520218;0.957122749379027;1
-2.505042627053597;4.325120017968189;1
-6.361950385506057;0.896981734636628;1
-4.546194457224235;3.226482542720615;1
1.768766448359498;-1.589325155379374;1
1.388995726188443;4.033196415107612;1
0.851370081015713;4.153743810546452;1
-0.670292920703684;-1.388681850598464;1
0.256517032255146;4.457686945760384;1
-3.422377590763593;3.969457386807683;1
3.120691512565783;0.698775498347629;1
-4.399196746314997;3.717252167525337;1
2.946618124536945;0.412061201421561;1
2.847516327222057;1.379485035788143;1
-1.179843176228769;4.517224139395397;1
1.974501024869722;3.100327365812209;1
-3.438300106056559;4.045554107323847;1
-4.068830663595210;3.836330343921025;1
-3.721628194933692;3.817629864747314;1
-5.092209921732740;2.950756564927912;1
1.871128856926617;-1.570612616469770;1
-5.496632174357020;2.429934553651668;1
3.155067444611775;1.662763689700257;1
3.022791623709975;1.540543764603566;1
-6.173323434145335;1.018065347769916;1
1.705997997812765;3.623409687310839;1
0.108906029492121;4.571513817824605;1
2.976539076332648;-0.188461406977766;1
-4.929784132115786;3.215834803351032;1
-4.585646181781882;3.336266044907271;1
2.246004452940759;3.291199236518400;1
-6.313503821948618;-0.119266993792715;1
1.310129363000500;3.662560717419949;1
1.208407346826434;3.905219203152116;1
2.899127167128697;-0.501112586207553;1
1.335651572535314;3.962041470690728;1
2.827894620935770;-0.535155273314379;1
-3.686854066440621;4.182802472050960;1
-6.056184643469373;1.524759273371190;1
2.161467424758146;-1.461463635730730;1
3.041136063821502;1.404454779856102;1
-4.751471759270339;3.338590657169994;1
-5.914764215422589;1.852702831684944;1
0.774517571156150;-2.130133667167108;1
-3.972084839911748;3.692596784034361;1
-4.653630888400776;3.081442437954148;1
1.359533928004398;-1.880639028784419;1
-6.076220927270304;1.292571708288295;1
0.116905027777542;-1.834116437581108;1
-4.772008935757160;3.298756483730910;1
1.405574813903882;3.520922839377840;1
-5.104454701933046;2.951374257429234;1
-5.577296898575889;2.536322127546083;1
-0.387100656112486;-1.580372400338237;1
-6.136011484837669;1.675243543247994;1
-5.647139740280163;2.075541175185984;1
2.722169920975512;-0.366631302009345;1
-5.351235112605830;2.802509170931232;1
-0.395976122576083;4.651612331033594;1
-5.498745580806185;2.199589000040118;1
-6.165905870224497;0.384971118895607;1
2.611736426105856;-0.545080800854613;1
2.889908453432277;0.279610934469307;1
0.171318414310169;-1.989902730149364;1
-0.219794622552922;-1.704605504359296;1
-0.431811768199239;-1.482701497496303;1
-2.759532577542059;4.162243252668157;1
-2.295445464209823;4.553916553810350;1
2.917439172360900;0.645314030924051;1
-4.502088384213830;3.597449274843719;1
-2.236196124832418;4.553707028857718;1
2.010564017757973;-1.561137071137040;1
-1.081405040201145;4.681119054855449;1
3.051886041872962;1.232272075218055;1
2.611941423092961;2.967062734869374;1
0.821233761934143;4.409222968457052;1
-6.154714611791433;0.680899328213173;1
-2.319202526472879;4.352706043292486;1
-0.863922043261943;-0.734279945169626;1
-0.648222196848950;-0.858559037802117;1
-5.935359980467855;1.202709383732283;1
-1.507745364979171;4.781184215928186;1
2.661527321715416;2.084658572406939;1
2.889394530935827;-0.469619516950049;1
-2.720345404185038;4.227951107477770;1
-4.640037746077321;3.432373395686670;1
-0.904222117507251;-0.822824675879104;1
-3.986769107337284;3.724254122149020;1
-0.208530529594802;4.523789398531561;1
0.076784254727295;-1.766737900956090;1
-0.445057311065204;-0.322535420754259;1
-0.514819882521534;-1.477426872460108;1
1.209008198278474;-1.821162779466625;1
3.039751476802659;-0.565631408936242;1
1.248878341795371;3.844760273967716;1
-6.099784118158115;1.402446121532221;1
3.184501095738561;0.428319725277632;1
0.584778390837013;-1.908537225396783;1
-3.387203642601734;3.884487620338569;1
0.588287799487415;4.220752778585217;1
-0.610333295853823;4.594186713030013;1
0.721003858510651;-1.836112546638078;1
-3.137886502544838;4.043678634050519;1
3.148953283205007;0.990091829991881;1
-0.533046105058414;-1.242161088054001;1
-6.449528448568183;0.733311127032873;1
-0.272898779811301;4.443123369915469;1
2.228292557897291;-1.358326712584424;1
2.408194051278152;2.374195092208609;1
2.962162499138442;0.530938973015005;1
0.533000104194618;4.388590484050053;1
-4.256907701561348;3.665610543261124;1
-5.703415150040572;1.468419506242296;1
-5.300776602595793;2.347757118455496;1
-0.787895870699843;-1.404208922111468;1
-4.746095224928158;2.967365216218002;1
-6.044581062219248;1.745483394386161;1
1.441521761196182;-1.679159285760711;1
3.013685626391925;1.103897744099436;1
1.849225955715910;3.596549083927074;1
0.804144873644695;-2.144384513341730;1
-6.619436377349053;-0.079569970928084;1
1.168811560819572;-1.803252909607783;1
-3.509622651363861;4.106066091816569;1
2.691201162211775;2.223679992468694;1
1.150911397916114;-2.081296026106313;1
-0.737371904259957;-0.819951788730396;1
2.114792091191494;3.068799135749894;1
0.944233461295184;-2.052410573553035;1
2.947418998613428;0.719067027931571;1
2.501481162712463;2.411609545110955;1
-5.205702201256527;2.862080687096265;1
0.760672604268363;-1.874888608549550;1
2.751517020578912;-0.054868082232443;1
1.548414526204458;4.003352316176855;1
-6.206958222934652;1.364266769024821;1
-5.150802195346848;2.693272879701179;1
-0.548837067203369;4.651701175301868;1
-6.032707107459085;1.031442667556877;1
2.402875615590780;-1.456159518616693;1
2.236514186474555;2.820186835452871;1
-5.538823841174853;1.781677637475786;1
0.838208975452539;4.387624311450620;1
0.621436371952904;4.287330537728045;1
-3.396987836220435;4.192337722395928;1
2.515357709882249;-1.375279573518937;1
2.864949097006557;2.112313522822040;1
2.939837845793120;-0.514996085271068;1
-6.041689202849095;1.395254321609943;1
-4.025264394842434;3.617758595929257;1
0.962239430831748;4.142861716143642;1
2.271590861765308;3.022806991481413;1
2.928117554242494;0.549972747596040;1
0.628337916794843;-2.058874116739492;1
-6.071346609707934;1.257931157728907;1
3.095727065967151;0.935718521571328;1
-4.383254280064161;3.315154417781627;1
-0.565053194796809;-0.884610033675726;1
-0.646899616455957;-0.545064282147161;1
-0.393766521279863;-1.464182618394668;1
2.467663191428611;-0.905947189926725;1
0.795634534661558;4.227516609808095;1
-5.230431024162486;2.965963235741607;1
-4.900393569650658;2.969442327896214;1
1.185471638377839;3.809886216257025;1
-1.272068376991007;4.661089330880390;1
0.684117040469820;4.376440986028646;1
0.186856532096215;-1.781880616246781;1
3.205514593499926;0.744219541072750;1
3.025942943713773;0.786449855354064;1
0.316515582284036;-2.090239712665618;1
-1.639794423822536;4.640510021053380;1
1.932536469747015;-1.782191601028711;1
0.167648855948981;-1.765712806975869;1
-5.076678318014883;2.584931279044792;1
3.023272494470894;1.032245230541686;1
0.972018515239772;-1.796988399326012;1
-5.736186189438240;1.609078219456413;1
2.935126492966103;-0.243644068776759;1
2.213173974431519;-1.509780589668034;1
2.642993436698950;2.286349666873014;1
-5.834967428637710;1.888377650272162;1
3.177152068260965;1.234061866122458;1
0.160291501370825;-1.940380623171684;1
-0.013910017866989;4.517240746230002;1
-2.052990784429472;4.318777872897757;1
-4.110938688598419;3.751276496897166;1
2.932986423122563;-0.238854869144604;1
-4.092992369837535;3.582235577648559;1
-5.951778578662535;1.211210244855050;1
1.088000818213198;3.811612606373641;1
2.909848842772662;2.214303505254370;1
-3.703560628120639;4.120416197341866;1
2.093386214158343;-1.634663440994669;1
-1.040945363664772;4.562174688425680;1
3.054068067464398;1.489461839132799;1
1.053118362683017;3.856570188883160;1
1.545809901539911;-1.730606107820499;1
-0.470755690708139;-0.360921057839052;1
-2.902926693209540;4.327986704668012;1
1.943928622390139;3.478647860381233;1
-5.692428997972258;2.211893002039074;1
2.695082178957141;-0.687209197322092;1
2.089324990717868;-1.613410630002475;1
-6.477944603133380;0.451365113404305;1
-3.524900977032278;4.200146380682416;1
2.919972163295701;2.102803740333337;1
2.538628516876348;2.912789935400948;1
2.839886785804023;2.103512491189238;1
1.920494914105309;3.393614905808394;1
-4.657925831637005;2.966136493588096;1
-0.793965323013779;4.690747319850405;1
2.745552173603002;1.955815451132488;1
0.789170689661300;-1.874369669955986;1
-0.956993848219502;4.713791084114914;1
-3.537581870168683;4.202379411964406;1
-2.537622780562059;4.290199419158192;1
2.315568460572799;-1.398979507715204;1
3.078204886138547;1.224458886528617;1
3.158181061384677;0.006513676507985;1
2.070807125464104;-1.365290075280419;1
-2.996551428651839;4.340452510017204;1
3.205147293193502;0.232181354162313;1
2.002975702740692;3.328690624823300;1
-2.869987431682716;4.311427306363028;1
1.261793220817891;-1.900565062488638;1
2.023119469720511;-1.457835819193312;1
3.011784707098451;0.596283587237236;1
2.433976427415528;-1.322679920781334;1
-6.375612628210386;0.002651437066794;1
-0.421522648147909;4.358116269517710;1
-0.106932998715771;-1.822940574251891;1
-2.312158942410242;4.632224189245762;1
-6.539228721170145;0.088256632920976;1
0.384257249399360;4.242195335516465;1
1.022144141824089;4.138911610496670;1
2.556687535585515;-0.957979363131789;1
-4.751357659518167;3.283530240879977;1
-6.070092122762889;0.986411424168552;1
-1.116127457197279;4.660930189936510;1
0.806900569401572;4.150756351231845;1
3.126861008772876;-0.123435755468964;1
-4.784248804772357;3.119275058587563;1
-1.019789804540109;4.431027404740826;1
-2.306067190254681;4.388632701613849;1
1.560819116991767;-1.769210740907042;1
2.839708358923730;2.467419569618440;1
-2.083609597296876;4.494106563910865;1
-6.374192101854572;0.539484015972834;1
-4.776524287057256;2.869949761488591;1
-5.723020373482314;1.881464186239234;1
-0.123808793079956;-1.636127710716762;1
-4.606778420275196;3.268417085046579;1
-5.744015335713739;2.027373830375439;1
-6.058750427258865;1.343640414021364;1
2.394988055072083;-1.127608759646783;1
-3.145104299157978;4.075161405948054;1
-4.783624177684137;3.091280187508097;1
0.308236599644938;4.260298388600988;1
-4.212799237714377;3.497000672880788;1
2.712436537134112;2.092945845023546;1
-0.074546298978456;-1.748428547314684;1
2.158004384405593;-1.293799977946041;1
2.895834863283989;1.337540006376754;1
3.119899644341753;1.267326020472745;1
-5.924108601817756;1.389356944746211;1
-1.239011615977944;4.658982866939075;1
2.763308838076574;0.008909195496804;1
1.604726071370729;-1.851983238072570;1
-6.271357246229297;1.023996466775215;1
1.373129725142510;3.572752403509383;1
0.998809029402712;-2.006978844745479;1
2.025870131405271;-1.503096696009937;1
-0.099872577957083;-1.732350452997903;1
3.158028580982675;0.335861807282911;1
-3.199952734588521;3.972559836002820;1
-3.273722822178550;3.905601121736197;1
-0.741096602226747;-1.425306117773560;1
-0.141367173909674;-1.792062343807844;1
2.178445740941017;3.355438157176225;1
-0.544864879345809;-1.409077559298169;1
-4.044148732216541;3.705255912807306;1
3.220940900938894;1.162773945653552;1
-6.365228324656565;0.486125254999335;1
0.692532949013928;-2.106127527315175;1
0.394890844228789;-1.843521140149032;1
2.086505427556848;-1.230867385435241;1
-0.552427520335905;-1.249497011969965;1
-3.377415696143620;4.181483388486283;1
-0.762819224825281;-0.692504745949355;1
-4.993047467639794;3.064591552505346;1
2.652432271550282;2.602032489073134;1
-6.450615760619854;0.669279122916975;1
-5.795287831628424;1.846903845301201;1
3.113652090865540;1.449322672036482;1
1.295921598198283;-1.990974533638769;1
-1.505043478210834;4.454967889198820;1
-1.162677233398819;4.502863913397777;1
1.536723917629881;3.957880617853930;1
-0.764372241267795;4.764572464885671;1
3.104916307520700;0.051818013112737;1
-6.244759841037441;0.505444568663128;1
-2.073196112192034;4.569729704567527;1
-0.420495452663587;4.501069619131333;1
1.371058510042447;3.873050127325078;1
-0.539370094004863;-0.824710764613212;1
-5.018804790227710;2.969633190697057;1
2.914763922201802;1.744503239613156;1
-3.832776950410199;3.669379272792441;1
-6.035809757149183;1.244622792948050;1
-1.196097881514032;4.615097066260810;1
0.108130474865226;4.555814986679189;1
3.049045661958182;0.339825670346200;1
0.990607854148822;-2.051279932260804;1
-0.601627987204402;4.594034157901509;1
3.246615519532246;1.094922881046806;1
2.072787876173441;3.613607754213441;1
-5.644697601766355;1.612684360329041;1
2.012914923434262;-1.632405850086017;1
-6.120188527352421;0.616319307453160;1
1.146378694414190;-2.027161723469167;1
0.544188644531676;-2.098311574755557;1
2.911636437187028;1.505211016467754;1
0.931910388545296;-2.035961404512210;1
0.883652539841393;-1.983183622115705;1
0.879370742043177;-1.993461734016083;1
-0.194809549835977;-1.744107939034788;1
3.044988570392773;-0.286025939494652;1
2.234299596741961;-1.447298885073790;1
2.937219847720511;1.036857981607372;1
-4.915766480050171;2.935409499883693;1
2.944493350451129;1.890562315085523;1
-1.645268241656345;4.537208590015348;1
-6.458513657628579;0.051028806989781;1
-0.575085862826082;4.677809662446565;1
-1.402000200976120;4.536765510525575;1
-0.577596812245689;4.466441161188534;1
2.881243532012438;0.560211237568105;1
1.538236964780823;-1.791316566674203;1
-4.035895892152448;3.910847033307824;1
3.087781376088573;0.210510052772745;1
-0.733040243690514;-0.756939677804445;1
-6.352616053832296;0.586475467231791;1
-0.727293255735078;-1.354717496447899;1
-2.820992747737715;4.458127518448181;1
1.109021226903752;-2.029439651705498;1
-6.431358829724417;0.690591854765368;1
2.970248927330667;0.039632928812250;1
-0.567099328733778;-1.378354113492411;1
2.689695139946038;-0.555409784099446;1
-3.608176376502454;4.105533626723045;1
2.914259533272778;2.201587342241703;1
1.560149613875942;-1.836388945669677;1
0.286813940041309;-2.085122225698187;1
-0.197734645561076;4.394076795838505;1
3.201707368383889;0.348153160273035;1
-2.748647758338132;4.425996366007788;1
2.090910488130274;-1.607584811320274;1
2.432182634136259;-0.867443748386307;1
-1.375900923729197;4.758152072522076;1
2.293025100325977;-0.950677620140778;1
-4.125889718943390;3.818200354060777;1
-2.370024522905759;4.410725036357539;1
-6.642016386499649;0.053970457224262;1
2.975367092872076;1.005941293184176;1
-0.034263616555313;-1.964334291338696;1
0.488439086274628;4.225041985671781;1
-5.975001047173301;1.639726916143779;1
-6.051618954571728;1.558952935089647;1
-4.218787083214780;3.654078843573233;1
2.733663335141932;2.184601408786339;1
-5.497133943455050;2.291033493232454;1
-1.660187100414971;4.526914571531549;1
0.968784142488799;-2.143897754478010;1
-5.685884577874332;1.759643116720710;1
3.143260874390025;1.463340545149227;1
0.714029712738427;-1.907434931427494;1
2.857960924101187;0.423456058763183;1
2.731970585832770;2.264158319636145;1
-1.537357403939537;4.393100236315759;1
-4.484367059945351;3.465715332518171;1
1.247188739918682;-1.715196563996837;1
-1.557392893491192;4.433012449491105;1
2.142957542731112;2.917643640627224;1
-2.233459422889691;4.466428220093856;1
2.294641486657670;2.644567001486740;1
0.775583794665324;4.141147144804601;1
-6.324805796996315;0.475580761934102;1
-4.107626971391491;3.899558016137818;1
-6.306953958769109;0.674580972377283;1
0.832261425068935;4.240587544246748;1
-3.115634644731190;4.101330088927288;1
-4.357396560733009;3.308971046965485;1
-6.268952270556755;0.936393823679048;1
2.667621718525810;-0.735447003001305;1
-3.086960338814846;4.105328994741162;1
2.583200992323384;-1.038409525121984;1
-4.282083601949312;3.801289662154095;1
2.602264509895637;2.128461648680894;1
2.033026297787951;-1.748190152027104;1
-3.307056784851172;3.992440535467014;1
1.230911927407052;4.212417532058842;1
3.233924970234798;0.785983085001957;1
2.935964251357142;1.628290395114182;1
-2.240509483171160;4.409063015067588;1
0.403872641379737;4.579425701605243;1
-6.170126788062787;0.422003389969519;1
-0.314401285763333;-1.679416215241230;1
-3.556921572299252;4.164959821197245;1
-0.397628800251197;-1.773849932112680;1
-5.479363511020519;2.303432485320426;1
1.006820917975076;4.076074995759977;1
0.440353809483744;4.268558924370486;1
0.570657488958297;-2.071005235693605;1
-0.370103837983959;-0.266337130715430;1
-5.809788833470989;1.666394134005845;1
0.788923720816130;-1.859530678145004;1
1.933260222672715;-1.609068259905451;1
-6.466068299426531;0.794958984349410;1
-0.176189747468630;4.664146019633677;1
-6.173285876705582;0.725433759669336;1
3.006678458296112;1.349735543647410;1
1.113026749324527;-2.162517140019628;1
2.929834637737321;1.144893766286042;1
0.978998452984922;-1.866256327755011;1
2.375968570739519;3.314669803189459;1
0.293078886148950;4.272705888530393;1
-0.621000187835009;-1.277817015298378;1
-3.410616298186968;4.179196022379039;1
-4.963999002431181;2.573803651682640;1
2.477099016798251;2.475046470178054;1
2.353757400108766;-1.233633559015179;1
0.926086918801688;-2.136076001134079;1
-6.223197594013298;0.327968332209849;1
0.277498401751997;4.379338562498145;1
1.944731878592376;-1.752309879988511;1
-0.867421744163052;-0.930096039857828;1
-6.299780531827647;0.615459021775126;1
1.478933180646358;3.851569912454384;1
2.925513238621150;-0.460840942530837;1
-0.065910808089499;-1.621969893191791;1
3.162281266805587;-0.010249861872370;1
3.009443037256061;0.898478338531045;1
2.422449704319162;2.764714465947599;1
-0.435350270568140;-1.559171592085060;1
2.578952007219744;-0.831279140862429;1
-0.540263068097505;4.486560855068926;1
3.200642912925379;0.644246653899185;1
2.369170890864634;-1.245797042501611;1
3.018942394327289;0.814604985016294;1
-5.901430338842863;1.259511097533018;1
-3.510698399193610;4.001898465892459;1
2.569971207255425;-0.772058196190123;1
3.135227725682201;1.334627748541841;1
-2.626720818021287;4.421471729582920;1
-0.762779428084596;4.692762365176699;1
2.768059301103138;2.413594229890932;1
0.280488977961682;4.226551934690597;1
-5.963663788494546;1.559661107453452;1
-3.864246189309341;3.994472943866819;1
2.604623827575809;2.607320973042393;1
2.498760129018305;2.603203636416834;1
-5.646365787604441;1.966468125971552;1
2.215341417293673;-1.358806962106869;1
0.557041090179678;-1.819626999836006;1
0.720390064028025;-1.860031696656444;1
3.245814572099583;0.911426755588911;1
-0.049175708241487;-1.980466181132945;1
3.069935548127959;0.464970139070041;1
-4.850110849827876;3.009204554845768;1
-4.961870955026197;2.796842843644260;1
-0.322504384130308;-1.553018104019181;1
-0.579495369021792;-0.959094997665155;1
2.177176582687156;3.336438375432307;1
2.120210484171670;2.923834059749615;1
2.849931366835535;-0.569647480752314;1
-5.194061655480270;2.348664669726521;1
0.698161222032374;4.107270951404859;1
-2.849155709791296;4.296352299456538;1
2.314911937918170;2.923042080871979;1
0.180504806565162;-2.045528496278184;1
